stage,apCAF,iCAF,mCAF
cancer,0.4,0.1,0.5
control,0.0,0.0,1.0
metaplasia,0.14285714285714285,0.14285714285714285,0.7142857142857143
normal,0.25,0.0,0.75
