sample_id,n_cells,n_flagged,pct_flagged,mean_admix,rna_weight,protein_weight,n_clusters
D01,23935,11680,48.79883016503029,0.2965317560456138,0.10966654707319688,0.8903334529261501,11
B01,26161,12684,48.48438515347272,0.29773757678776724,0.1158053425355213,0.8841946574637921,11
C01,34166,15545,45.49844875021952,0.2882804175061779,0.11472463190558756,0.8852753680937311,12
E01,32440,13251,40.847718865598026,0.27934879445278343,0.11333794861336566,0.8866620513859579,10
F01,53156,28113,52.8877266912484,0.3083968975097305,0.1274106267663962,0.8725893732328435,11
H01,83098,43298,52.104743796481266,0.3015558267889701,0.11471775542637475,0.8852822445729428,11
A01,113389,27457,24.214870931042693,0.24292713227531632,0.1028109570320251,0.8971890429673645,11
G01,155843,52807,33.884742978510424,0.27218730875931346,0.10681050516723727,0.8931894948321278,11
